{"cameraMode":{"drawMode":0,"name":"Shaded","section":"Shading Mode"},"sceneLighting":true,"audioPlay":false,"sceneViewState":{"m_AlwaysRefresh":false,"showFog":true,"showSkybox":true,"showFlares":true,"showImageEffects":true,"showParticleSystems":true,"showVisualEffectGraphs":true,"m_FxEnabled":true},"in2DMode":false,"pivot":{"x":0.4406622648239136,"y":1.8470168113708497,"z":-0.5564634799957275},"rotation":{"x":0.11847410351037979,"y":0.8047422766685486,"z":-0.17153117060661317,"w":0.5558892488479614},"size":2.008122444152832,"orthographic":true}